<updates>
    <update>
        <name>Mapbox Module</name>
        <description>Mapbox Joomla Module</description>
        <element>mod_mapbox</element>
        <type>module</type>
        <version>1.0.1</version>
        <client>site</client>
        <downloads>
            <downloadurl type="full" format="zip">http://web-service.com.pl/joomla/updateserver/mod_mapbox-v1-0-1.zip</downloadurl>
        </downloads>
        <infourl>http://web-service.com.pl/joomla/updateserver/mod_mapbox101.html</infourl>
        <targetplatform name="joomla" version="((4\.4)|(5\.(0|1|2|3|4|5|6|7|8|9)))" />
    </update>
</updates>